{
    "input_folder": {
        "foreground_mean": {
            "Dice": 0.9435162771639625,
            "FN": 194.1861030126336,
            "FP": 128.4757045675413,
            "IoU": 0.904531594932366,
            "TN": 41803470.32896016,
            "TP": 2759.6827016520897,
            "n_pred": 2888.1584062196307,
            "n_ref": 2953.868804664723
        },
        "mean": {
            "1": {
                "Dice": 0.9410003786647055,
                "FN": 523.7465986394558,
                "FP": 349.83843537414964,
                "IoU": 0.8994481204170742,
                "TN": 41798291.539115645,
                "TP": 7387.549319727891,
                "n_pred": 7737.3877551020405,
                "n_ref": 7911.2959183673465
            },
            "2": {
                "Dice": 0.9429438996549008,
                "FN": 523.6292517006802,
                "FP": 376.3775510204082,
                "IoU": 0.9026581916464629,
                "TN": 41798287.37755102,
                "TP": 7365.289115646258,
                "n_pred": 7741.666666666667,
                "n_ref": 7888.918367346939
            },
            "3": {
                "Dice": 0.950506252817959,
                "FN": 113.46428571428571,
                "FP": 54.58843537414966,
                "IoU": 0.9174813052418864,
                "TN": 41804728.58503401,
                "TP": 1656.0357142857142,
                "n_pred": 1710.6241496598639,
                "n_ref": 1769.5
            },
            "4": {
                "Dice": 0.9473794900043092,
                "FN": 103.91326530612245,
                "FP": 56.76360544217687,
                "IoU": 0.913196310313924,
                "TN": 41804774.81802721,
                "TP": 1617.1785714285713,
                "n_pred": 1673.9421768707482,
                "n_ref": 1721.091836734694
            },
            "5": {
                "Dice": 0.9425869384514894,
                "FN": 21.60374149659864,
                "FP": 12.100340136054422,
                "IoU": 0.9032928631783473,
                "TN": 41806228.72619048,
                "TP": 290.24319727891157,
                "n_pred": 302.34353741496597,
                "n_ref": 311.8469387755102
            },
            "6": {
                "Dice": 0.9458244350553806,
                "FN": 19.69047619047619,
                "FP": 11.261904761904763,
                "IoU": 0.9090041836360692,
                "TN": 41806225.5952381,
                "TP": 296.1258503401361,
                "n_pred": 307.38775510204084,
                "n_ref": 315.81632653061223
            },
            "7": {
                "Dice": 0.9343725454989923,
                "FN": 53.255102040816325,
                "FP": 38.39965986394558,
                "IoU": 0.886640190092798,
                "TN": 41805755.661564626,
                "TP": 705.3571428571429,
                "n_pred": 743.7568027210884,
                "n_ref": 758.6122448979592
            }
        }
    },
    "postprocessed": {
        "foreground_mean": {
            "Dice": 0.9435735544272493,
            "FN": 194.56049562682216,
            "FP": 124.39237123420797,
            "IoU": 0.9046094929759146,
            "TN": 41803474.41229349,
            "TP": 2759.308309037901,
            "n_pred": 2883.700680272109,
            "n_ref": 2953.868804664723
        },
        "mean": {
            "1": {
                "Dice": 0.9412732010735609,
                "FN": 526.3673469387755,
                "FP": 321.8146258503401,
                "IoU": 0.899768651229321,
                "TN": 41798319.56292517,
                "TP": 7384.928571428572,
                "n_pred": 7706.743197278912,
                "n_ref": 7911.2959183673465
            },
            "2": {
                "Dice": 0.9429438996549008,
                "FN": 523.6292517006802,
                "FP": 376.3775510204082,
                "IoU": 0.9026581916464629,
                "TN": 41798287.37755102,
                "TP": 7365.289115646258,
                "n_pred": 7741.666666666667,
                "n_ref": 7888.918367346939
            },
            "3": {
                "Dice": 0.950506252817959,
                "FN": 113.46428571428571,
                "FP": 54.58843537414966,
                "IoU": 0.9174813052418864,
                "TN": 41804728.58503401,
                "TP": 1656.0357142857142,
                "n_pred": 1710.6241496598639,
                "n_ref": 1769.5
            },
            "4": {
                "Dice": 0.9475076084384626,
                "FN": 103.91326530612245,
                "FP": 56.204081632653065,
                "IoU": 0.9134210658065172,
                "TN": 41804775.37755102,
                "TP": 1617.1785714285713,
                "n_pred": 1673.3826530612246,
                "n_ref": 1721.091836734694
            },
            "5": {
                "Dice": 0.9425869384514894,
                "FN": 21.60374149659864,
                "FP": 12.100340136054422,
                "IoU": 0.9032928631783473,
                "TN": 41806228.72619048,
                "TP": 290.24319727891157,
                "n_pred": 302.34353741496597,
                "n_ref": 311.8469387755102
            },
            "6": {
                "Dice": 0.9458244350553806,
                "FN": 19.69047619047619,
                "FP": 11.261904761904763,
                "IoU": 0.9090041836360692,
                "TN": 41806225.5952381,
                "TP": 296.1258503401361,
                "n_pred": 307.38775510204084,
                "n_ref": 315.81632653061223
            },
            "7": {
                "Dice": 0.9343725454989923,
                "FN": 53.255102040816325,
                "FP": 38.39965986394558,
                "IoU": 0.886640190092798,
                "TN": 41805755.661564626,
                "TP": 705.3571428571429,
                "n_pred": 743.7568027210884,
                "n_ref": 758.6122448979592
            }
        }
    },
    "postprocessing_fns": [
        "remove_all_but_largest_component_from_segmentation",
        "remove_all_but_largest_component_from_segmentation"
    ],
    "postprocessing_kwargs": [
        {
            "labels_or_regions": 1
        },
        {
            "labels_or_regions": 4
        }
    ]
}