{
    "input_folder": {
        "foreground_mean": {
            "Dice": 0.9823915734656488,
            "FN": 268.7145922746781,
            "FP": 252.09549356223175,
            "IoU": 0.9657654441579392,
            "TN": 46714854.68562232,
            "TP": 15157.371244635193,
            "n_pred": 15409.466738197425,
            "n_ref": 15426.085836909871
        },
        "mean": {
            "1": {
                "Dice": 0.9823915734656488,
                "FN": 268.7145922746781,
                "FP": 252.09549356223175,
                "IoU": 0.9657654441579392,
                "TN": 46714854.68562232,
                "TP": 15157.371244635193,
                "n_pred": 15409.466738197425,
                "n_ref": 15426.085836909871
            }
        }
    },
    "postprocessed": {
        "foreground_mean": {
            "Dice": 0.982834191707583,
            "FN": 268.7145922746781,
            "FP": 238.11695278969958,
            "IoU": 0.9665631500552051,
            "TN": 46714868.66416309,
            "TP": 15157.371244635193,
            "n_pred": 15395.488197424893,
            "n_ref": 15426.085836909871
        },
        "mean": {
            "1": {
                "Dice": 0.982834191707583,
                "FN": 268.7145922746781,
                "FP": 238.11695278969958,
                "IoU": 0.9665631500552051,
                "TN": 46714868.66416309,
                "TP": 15157.371244635193,
                "n_pred": 15395.488197424893,
                "n_ref": 15426.085836909871
            }
        }
    },
    "postprocessing_fns": [
        "remove_all_but_largest_component_from_segmentation"
    ],
    "postprocessing_kwargs": [
        {
            "labels_or_regions": [
                1
            ]
        }
    ]
}